[
  {
    "id": 1758753466640,
    "email": "test@example.com",
    "password": "$2b$10$G6A775Dqysz8XJ6wVEzPA.Had5T4BeAiTru6nmDcIU6bHC0/g1rhq",
    "first_name": "Krupa",
    "last_name": "Lakshmana",
    "account_created": "2025-09-24T22:37:46.640Z",
    "account_updated": "2025-09-24T22:37:46.640Z"
  },
  {
    "id": 1758756536919,
    "email": "test@exp.com",
    "password": "$2b$10$VaMd3VD6eX7nl5YRrs3PgO6tJ/33gsFrZGI4X5T6P5zZJ8F6rOBOC",
    "first_name": "Krupa",
    "last_name": "Lakshmana",
    "account_created": "2025-09-24T23:28:56.919Z",
    "account_updated": "2025-09-24T23:28:56.919Z"
  },
  {
    "id": 1758756834514,
    "email": "test@expl.com",
    "password": "$2b$10$FF.v1.71TFsb3XEAcg/DhOFpTMmBnBDncmdpZMjVFhfrEJz3lz2FC",
    "first_name": "Krupa",
    "last_name": "Lakshmana",
    "account_created": "2025-09-24T23:33:54.514Z",
    "account_updated": "2025-09-24T23:33:54.514Z"
  },
  {
    "id": 1758756913048,
    "email": "test1@exp.com",
    "password": "$2b$10$61FhRNCUU9xgozBcQsbMBOt0Jzypry/0gSxXIED76MomjLaTT4CtK",
    "first_name": "KrupaUpdated",
    "last_name": "Lakshmana",
    "account_created": "2025-09-24T23:35:13.048Z",
    "account_updated": "2025-09-25T00:01:58.254Z"
  }
]